{
  "Dr-Smith": [
    {
      "id": "36a4",
      "date": "2025-01-03",
      "time": "12:30 PM",
      "phone": "13"
    },
    {
      "id": "4f7c",
      "date": "2025-01-03",
      "time": "12:30 PM",
      "phone": "13"
    }
  ],
  "Dr-Johnson": [],
  "Dr-Lee": [],
  "Dr-Brown": [],
  "Dr-Davis": [],
  "Dr-Miller": [],
  "Patients": [
    {
      "id": "36a4",
      "date": "2025-01-03",
      "time": "12:30 PM",
      "selectedDr": "Dr-Smith",
      "specialtySelect": "cardiology",
      "email": "vishwasgour2002@gmail.com",
      "phone": "13"
    },
    {
      "id": "4f7c",
      "date": "2025-01-03",
      "time": "12:30 PM",
      "selectedDr": "Dr-Smith",
      "specialtySelect": "cardiology",
      "email": "vishwasgour2002@gmail.com",
      "phone": "13"
    }
  ]
}